{
    "input_model": {
        "type": "HfModel",
        "model_path": "Intel/bert-base-uncased-mrpc",
        "task": "text-classification"
    },
    "systems": {
        "local_system": {
            "type": "LocalSystem",
            "accelerators": [
                {
                    "device": "npu",
                    "execution_providers": [
                        "OpenVINOExecutionProvider"
                    ]
                }
            ]
        }
    },
    "data_configs": [
        {
            "name": "quantize_data_config",
            "user_script": "user_script.py",
            "load_dataset_config": {
                "type": "bert_base_uncased_mrpc_dataset",
                "data_name": "glue",
                "split": "train",
                "max_samples": 300
            },
            "dataloader_config": {
                "batch_size": 1,
                "drop_last": true
            }
        },
        {
            "name": "evaluation_data_config",
            "type": "HuggingfaceContainer",
            "load_dataset_config": { "data_name": "glue", "subset": "mrpc", "split": "test" },
            "pre_process_data_config": {
                "input_cols": [ "sentence1", "sentence2" ],
                "max_length": 128,
                "padding": "max_length"
            },
            "dataloader_config": { "batch_size": 1 }
        }
    ],
    "evaluators": {
        "common_evaluator": {
            "metrics": [
                {
                    "name": "accuracy",
                    "type": "accuracy",
                    "backend": "huggingface_metrics",
                    "data_config": "evaluation_data_config",
                    "sub_types": [ { "name": "accuracy", "priority": 1 }, { "name": "f1" } ]
                },
                {
                    "name": "latency",
                    "type": "latency",
                    "sub_types": [
                        { "name": "avg", "priority": 2, "metric_config": { "warmup_num": 20, "repeat_test_num": 100 } },
                        { "name": "p90", "metric_config": { "warmup_num": 20, "repeat_test_num": 100 } }
                    ]
                }
            ]
        }
    },
    "passes": {
        "ov_convert": {
            "type": "OpenVINOConversion",
            "input_shapes": [
                [
                    1,
                    128
                ],
                [
                    1,
                    128
                ],
                [
                    1,
                    128
                ]
            ],
            "compress_to_fp16": true,
            "static": true,
            "example_input_func": "custom_example_func",
            "user_script": "user_script.py"
        },
        "io_update": {
            "type": "OpenVINOIoUpdate",
            "input_shapes": [
                [
                    1,
                    128
                ],
                [
                    1,
                    128
                ],
                [
                    1,
                    128
                ]
            ],
            "input_names": [
                "input_ids",
                "attention_mask",
                "token_type_ids"
            ],
            "static": true
        },
        "ov_quantize": {
            "type": "OpenVINOQuantization",
            "target_device": "npu",
            "data_config": "quantize_data_config",
            "model_type": "TRANSFORMER",
            "user_script": "user_script.py",
            "transform_fn": "custom_transform_func",
            "reuse_cache": true
        },
        "encapsulation": {
            "type": "OpenVINOEncapsulation",
            "target_device": "npu",
            "ov_version": "2025.1",
            "reuse_cache": true
        }
    },
    "search_strategy": false,
    "target": "local_system",
    "evaluator": "common_evaluator",
    "evaluate_input_model": false,
    "output_dir": "model/bert-base-uncased-mrpc_context_ov_static",
    "cache_dir": "cache"
}
