{
    "input_model": {
        "type": "HfModel",
        "model_path": "google/vit-base-patch16-224",
        "task": "image-classification",
        "io_config": {
            "input_names": [
                "pixel_values"
            ],
            "input_shapes": [
                [
                    1,
                    3,
                    224,
                    224
                ]
            ],
            "output_names": [
                "output"
            ]
        }
    },
    "systems": {
        "host_system": {
            "type": "LocalSystem",
            "accelerators": [
                {
                    "device": "cpu",
                    "execution_providers": [
                        "CPUExecutionProvider"
                    ]
                }
            ]
        },
        "target_system": {
            "type": "LocalSystem",
            "accelerators": [
                {
                    "device": "gpu",
                    "execution_providers": [
                        "MIGraphXExecutionProvider"
                    ]
                }
            ]
        }
    },
    "data_configs": [
        {
            "name": "evaluation_data_config",
            "type": "HuggingfaceContainer",
            "user_script": "vit-base-patch16-224.py",
            "load_dataset_config": {
                "data_name": "timm/mini-imagenet",
                "split": "validation",
                "streaming": true,
                "trust_remote_code": true
            },
            "pre_process_data_config": {
                "type": "dataset_pre_process",
                "size": 1000,
                "cache_key": "imagedata_evaluation"
            },
            "post_process_data_config": {
                "type": "dataset_post_process"
            }
        }
    ],
    "evaluators": {
        "common_evaluator": {
            "metrics": [
                {
                    "name": "accuracy",
                    "type": "accuracy",
                    "data_config": "evaluation_data_config",
                    "sub_types": [
                        {
                            "name": "accuracy_score",
                            "priority": 1,
                            "metric_config": {
                                "task": "multiclass",
                                "num_classes": 1000
                            }
                        }
                    ]
                },
                {
                    "name": "latency",
                    "type": "latency",
                    "data_config": "evaluation_data_config",
                    "sub_types": [
                        {
                            "name": "avg",
                            "priority": 2
                        }
                    ]
                }
            ]
        }
    },
    "passes": {
        "conversion": {
            "type": "OnnxConversion",
            "target_opset": 20,
            "save_as_external_data": true
        },
        "transformer_optimizer": {
            "type": "OrtTransformersOptimization",
            "model_type": "vit",
            "opt_level": 0,
            "float16": true,
            "use_gpu": true,
            "keep_io_types": false,
            "optimization_options": {
                "enable_gelu": true,
                "enable_layer_norm": true,
                "enable_attention": true,
                "use_multi_head_attention": true,
                "enable_skip_layer_norm": false,
                "enable_embed_layer_norm": false,
                "enable_bias_skip_layer_norm": false,
                "enable_bias_gelu": false,
                "enable_gelu_approximation": false,
                "enable_qordered_matmul": false,
                "enable_shape_inference": true,
                "enable_gemm_fast_gelu": false,
                "enable_nhwc_conv": false,
                "enable_group_norm": false,
                "enable_bias_splitgelu": false,
                "enable_packed_qkv": true,
                "enable_packed_kv": true,
                "enable_bias_add": false,
                "enable_rotary_embeddings": true
            },
            "save_as_external_data": true
        }
    },
    "evaluator": "common_evaluator",
    "evaluate_input_model": false,
    "host": "host_system",
    "target": "target_system",
    "cache_dir": "cache",
    "output_dir": "model/vit"
}
