{
    "input_model": {
        "type": "HfModel",
        "model_path": "google/vit-base-patch16-224",
        "task": "image-classification",
        "io_config": {
            "input_names": [
                "pixel_values"
            ],
            "input_shapes": [
                [
                    1,
                    3,
                    224,
                    224
                ]
            ],
            "output_names": [
                "logits"
            ]
        }
    },
    "systems": {
        "local_system": {
            "type": "LocalSystem",
            "accelerators": [
                {
                    "device": "gpu",
                    "execution_providers": [
                        "NvTensorRTRTXExecutionProvider"
                    ]
                }
            ]
        }
    },
    "data_configs": [
        {
            "name": "quantize_data_config",
            "type": "HuggingfaceContainer",
            "user_script": "vit-base-patch16-224.py",
            "load_dataset_config": {
                "data_name": "timm/mini-imagenet",
                "split": "validation",
                "streaming": true,
                "trust_remote_code": true
            },
            "pre_process_data_config": {
                "type": "dataset_pre_process",
                "size": 256,
                "cache_key": "imagedata_quantization"
            },
            "post_process_data_config": {
                "type": "dataset_post_process"
            }
        }
    ],
    "evaluators": {
        "common_evaluator": {
            "metrics": [
                {
                    "name": "accuracy",
                    "type": "accuracy",
                    "data_config": "quantize_data_config",
                    "sub_types": [
                        {
                            "name": "accuracy_score",
                            "priority": 1,
                            "metric_config": {
                                "task": "multiclass",
                                "num_classes": 1001
                            }
                        }
                    ]
                },
                {
                    "name": "latency",
                    "type": "latency",
                    "data_config": "quantize_data_config",
                    "sub_types": [
                        {
                            "name": "avg",
                            "priority": 2
                        }
                    ]
                }
            ]
        }
    },
    "passes": {
        "conversion": {
            "type": "OnnxConversion",
            "target_opset": 17,
            "save_as_external_data": true,
            "all_tensors_to_one_file": true,
            "use_dynamo_exporter": false
        },
        "onnx_float_to_float16": {
            "type": "OnnxFloatToFloat16",
            "save_as_external_data": true
        },
        "session_params_tuning": {
            "type": "OrtSessionParamsTuning",
            "io_bind": false,
            "data_config": "quantize_data_config"
        }
    },
    "target": "local_system",
    "evaluator": "common_evaluator",
    "output_dir": "model/vit-base-patch16-224",
    "cache_dir": "cache",
    "evaluate_input_model": false
}
