{
    "input_model": {
        "type": "HfModel",
        "model_path": "MODEL_PATH",
        "task": "MODEL_TASK"
    },
    "systems": {
        "local_system": {
            "type": "LocalSystem",
            "accelerators": [
                {
                    "execution_providers": [
                        "CPUExecutionProvider"
                    ]
                }
            ]
        }
    },
    "data_configs": [
        {
            "name": "quantization",
            "type": "HuggingfaceContainer",
            "load_dataset_config": {
                "data_name": "DS_NAME",
                "subset": "DS_SUBSET",
                "split": "DS_SPLIT"
            },
            "pre_process_data_config": {
                "max_length": 128,
                "padding": "max_length",
                "input_cols": "DATA_COLS",
                "max_samples": 100
            },
            "dataloader_config": {
                "batch_size": 1
            }
        },
        {
            "name": "evaluation",
            "type": "HuggingfaceContainer",
            "load_dataset_config": {
                "data_name": "DS_NAME",
                "subset": "DS_SUBSET",
                "split": "DS_SPLIT"
            },
            "pre_process_data_config": {
                "max_length": 128,
                "padding": "max_length",
                "input_cols": "DATA_COLS",
                "max_samples": 100
            },
            "dataloader_config": {
                "batch_size": 1
            }
        }
    ],
    "evaluators": {
        "common_evaluator": {
            "metrics": [
                {
                    "name": "accuracy",
                    "type": "accuracy",
                    "data_config": "evaluation",
                    "sub_types": [
                        {
                            "name": "accuracy_score",
                            "priority": 1
                        }
                    ]
                },
                {
                    "name": "latency",
                    "type": "latency",
                    "data_config": "evaluation",
                    "sub_types": [
                        {
                            "name": "avg",
                            "priority": 2
                        }
                    ]
                }
            ]
        }
    },
    "passes": {
        "conversion": {
            "type": "OnnxConversion",
            "target_opset": 17,
            "save_as_external_data": true
        },
        "dynamic_shape_to_fixed": {
            "type": "DynamicToFixedShape",
            "dim_param": "FIXED_PARAMS",
            "dim_value": "FIXED_VALUES"
        },
        "quantization": {
            "type": "OnnxStaticQuantization",
            "data_config": "quantization",
            "activation_type": "uint16",
            "precision": "uint8",
            "save_as_external_data": true
        }
    },
    "evaluator": "common_evaluator",
    "evaluate_input_model": false,
    "target": "local_system",
    "cache_dir": "cache",
    "output_dir": "model/output"
}
