{
    "input_model": {
        "type": "HfModel",
        "model_path": "google-bert/bert-base-multilingual-cased",
        "task": "feature-extraction"
    },
    "systems": {
        "local_system": {
            "type": "LocalSystem",
            "accelerators": [
                {
                    "device": "gpu",
                    "execution_providers": [
                        "NvTensorRTRTXExecutionProvider"
                    ]
                }
            ]
        }
    },
    "data_configs": [
        {
            "name": "quantization_data_config",
            "type": "HuggingfaceContainer",
            "load_dataset_config": {
                "data_name": "facebook/xnli",
                "subset": "en",
                "split": "validation"
            },
            "pre_process_data_config": {
                "input_cols": [
                    "premise"
                ],
                "padding": "max_length",
                "max_length": 128,
                "max_samples": 10
            },
            "dataloader_config": {
                "batch_size": 1
            }
        },
        {
            "name": "evaluation_data_config",
            "type": "HuggingfaceContainer",
            "load_dataset_config": {
                "data_name": "facebook/xnli",
                "subset": "en",
                "split": "validation"
            },
            "pre_process_data_config": {
                "input_cols": [
                    "premise"
                ],
                "padding": "max_length",
                "max_length": 128,
                "max_samples": 10
            },
            "dataloader_config": {
                "batch_size": 1
            }
        }
    ],
    "evaluators": {
        "common_evaluator": {
            "metrics": [
                {
                    "name": "latency",
                    "type": "latency",
                    "data_config": "evaluation_data_config",
                    "sub_types": [
                        {
                            "name": "avg",
                            "priority": 1,
                            "goal": {
                                "type": "percent-min-improvement",
                                "value": 0.1
                            }
                        },
                        {
                            "name": "max"
                        },
                        {
                            "name": "min"
                        }
                    ]
                },
                {
                    "name": "throughput",
                    "type": "throughput",
                    "data_config": "evaluation_data_config",
                    "sub_types": [
                        {
                            "name": "avg"
                        },
                        {
                            "name": "max"
                        },
                        {
                            "name": "min"
                        }
                    ]
                }
            ]
        }
    },
    "passes": {
        "conversion": {
            "type": "OnnxConversion",
            "target_opset": 17,
            "save_as_external_data": true
        },
        "onnx_float_to_float16": {
            "type": "OnnxFloatToFloat16",
            "save_as_external_data": true
        },
        "dynamic_shape_to_fixed": {
            "type": "DynamicToFixedShape",
            "dim_param": [
                "batch_size",
                "sequence_length"
            ],
            "dim_value": [
                1,
                128
            ]
        },
        "surgery": {
            "type": "GraphSurgeries",
            "save_as_external_data": true,
            "surgeries": [
                {
                    "surgeon": "ReplaceAttentionMaskValue"
                }
            ]
        },
        "session_params_tuning": {
            "type": "OrtSessionParamsTuning",
            "io_bind": false,
            "data_config": "quantization_data_config"
        }
    },
    "target": "local_system",
    "evaluator": "common_evaluator",
    "cache_dir": "cache",
    "output_dir": "model/google_bert_trtrtx",
    "log_severity_level": 0,
    "evaluate_input_model": false
}
