{
    "input_model": {
        "type": "HfModel",
        "model_path": "google-bert/bert-base-multilingual-cased",
        "task": "feature-extraction",
        "io_config": {
            "input_names": [
                "input_ids",
                "attention_mask",
                "token_type_ids"
            ],
            "input_shapes": [
                [
                    1,
                    128
                ],
                [
                    1,
                    128
                ],
                [
                    1,
                    128
                ]
            ],
            "input_types": [
                "int64",
                "int64",
                "int64"
            ],
            "output_names": [
                "last_hidden_state"
            ]
        }
    },
    "systems": {
        "target_system": {
            "type": "LocalSystem",
            "accelerators": [
                {
                    "device": "npu",
                    "execution_providers": [
                        "QNNExecutionProvider"
                    ]
                }
            ]
        }
    },
    "data_configs": [
        {
            "name": "quantization_data_config",
            "type": "HuggingfaceContainer",
            "load_dataset_config": {
                "data_name": "facebook/xnli",
                "subset": "en",
                "split": "validation"
            },
            "pre_process_data_config": {
                "input_cols": [
                    "premise"
                ],
                "padding": "max_length",
                "max_length": 128,
                "max_samples": 10
            },
            "dataloader_config": {
                "batch_size": 1
            }
        },
        {
            "name": "evaluation_data_config",
            "type": "HuggingfaceContainer",
            "load_dataset_config": {
                "data_name": "facebook/xnli",
                "subset": "en",
                "split": "validation"
            },
            "pre_process_data_config": {
                "input_cols": [
                    "premise"
                ],
                "padding": "max_length",
                "max_length": 128,
                "max_samples": 10
            },
            "dataloader_config": {
                "batch_size": 1
            }
        }
    ],
    "evaluators": {
        "common_evaluator": {
            "metrics": [
                {
                    "name": "latency",
                    "type": "latency",
                    "data_config": "evaluation_data_config",
                    "sub_types": [
                        {
                            "name": "avg",
                            "priority": 1,
                            "goal": {
                                "type": "percent-min-improvement",
                                "value": 0.1
                            }
                        },
                        {
                            "name": "max"
                        },
                        {
                            "name": "min"
                        }
                    ]
                },
                {
                    "name": "throughput",
                    "type": "throughput",
                    "data_config": "evaluation_data_config",
                    "sub_types": [
                        {
                            "name": "avg"
                        },
                        {
                            "name": "max"
                        },
                        {
                            "name": "min"
                        }
                    ]
                }
            ]
        }
    },
    "passes": {
        "conversion": {
            "type": "OnnxConversion",
            "target_opset": 20,
            "save_as_external_data": true
        },
        "surgery": {
            "type": "GraphSurgeries",
            "surgeries": [
                {
                    "surgeon": "ReplaceAttentionMaskValue"
                },
                {
                    "surgeon": "MatMulAddToGemm"
                }
            ]
        },
        "quantization": {
            "type": "OnnxStaticQuantization",
            "data_config": "quantization_data_config",
            "quant_preprocess": true,
            "calibrate_method": "MinMax",
            "activation_type": "uint16",
            "precision": "uint8",
            "save_as_external_data": true
        }
    },
    "target": "target_system",
    "evaluator": "common_evaluator",
    "cache_dir": "cache",
    "output_dir": "model/google_bert",
    "evaluate_input_model": false
}
