{
    "input_model": {
        "type": "HfModel",
        "model_path": "google-bert/bert-base-multilingual-cased",
        "task": "feature-extraction"
    },
    "systems": {
        "host_system": {
            "type": "LocalSystem",
            "accelerators": [
                {
                    "device": "cpu",
                    "execution_providers": [
                        "CPUExecutionProvider"
                    ]
                }
            ]
        },
        "target_system": {
            "type": "LocalSystem",
            "accelerators": [
                {
                    "device": "gpu",
                    "execution_providers": [
                        "DmlExecutionProvider"
                    ]
                }
            ]
        }
    },
    "data_configs": [
        {
            "name": "evaluation_data_config",
            "type": "HuggingfaceContainer",
            "load_dataset_config": {
                "data_name": "facebook/xnli",
                "subset": "en",
                "split": "validation"
            },
            "pre_process_data_config": {
                "input_cols": [
                    "premise"
                ],
                "padding": "max_length",
                "max_length": 128,
                "max_samples": 10
            },
            "dataloader_config": {
                "batch_size": 1
            }
        }
    ],
    "evaluators": {
        "common_evaluator": {
            "metrics": [
                {
                    "name": "latency",
                    "type": "latency",
                    "data_config": "evaluation_data_config",
                    "sub_types": [
                        {
                            "name": "avg",
                            "priority": 1,
                            "goal": {
                                "type": "percent-min-improvement",
                                "value": 0.1
                            }
                        },
                        {
                            "name": "max"
                        },
                        {
                            "name": "min"
                        }
                    ]
                },
                {
                    "name": "throughput",
                    "type": "throughput",
                    "data_config": "evaluation_data_config",
                    "sub_types": [
                        {
                            "name": "avg"
                        },
                        {
                            "name": "max"
                        },
                        {
                            "name": "min"
                        }
                    ]
                }
            ]
        }
    },
    "passes": {
        "conversion": {
            "type": "OnnxConversion",
            "target_opset": 20,
            "save_as_external_data": true
        },
        "transformer_optimizer": {
            "type": "OrtTransformersOptimization",
            "model_type": "bert",
            "opt_level": 0,
            "float16": true,
            "use_gpu": true,
            "keep_io_types": false,
            "optimization_options": {
                "enable_gelu": true,
                "enable_layer_norm": true,
                "enable_attention": true,
                "use_multi_head_attention": true,
                "enable_skip_layer_norm": false,
                "enable_embed_layer_norm": false,
                "enable_bias_skip_layer_norm": false,
                "enable_bias_gelu": false,
                "enable_gelu_approximation": false,
                "enable_qordered_matmul": false,
                "enable_shape_inference": true,
                "enable_gemm_fast_gelu": false,
                "enable_nhwc_conv": false,
                "enable_group_norm": false,
                "enable_bias_splitgelu": false,
                "enable_packed_qkv": true,
                "enable_packed_kv": true,
                "enable_bias_add": false,
                "enable_rotary_embeddings": true
            },
            "save_as_external_data": true
        }
    },
    "host": "host_system",
    "target": "target_system",
    "evaluator": "common_evaluator",
    "cache_dir": "cache",
    "output_dir": "model/google_bert",
    "evaluate_input_model": false
}
