{
    "input_model": {
        "type": "HfModel",
        "model_path": "openai/clip-vit-base-patch16",
        "task": "zero-shot-image-classification",
        "load_kwargs": {
            "attn_implementation": "eager"
        },
        "io_config": {
            "input_names": [
                "input_ids",
                "pixel_values",
                "attention_mask"
            ],
            "input_shapes": [
                [
                    10,
                    77
                ],
                [
                    1,
                    3,
                    224,
                    224
                ],
                [
                    10,
                    77
                ]
            ],
            "input_types": [
                "int64",
                "float32",
                "int64"
            ],
            "output_names": [
                "logits_per_image",
                "logits_per_text",
                "text_embeds",
                "image_embeds"
            ],
            "output_shapes": [
                [
                    1,
                    10
                ],
                [
                    10,
                    1
                ],
                [
                    10,
                    512
                ],
                [
                    1,
                    512
                ]
            ]
        }
    },
    "systems": {
        "local_system": {
            "type": "LocalSystem",
            "accelerators": [
                {
                    "device": "gpu",
                    "execution_providers": [
                        "NvTensorRTRTXExecutionProvider"
                    ]
                }
            ]
        }
    },
    "data_configs": [
        {
            "name": "quant_data_config",
            "user_script": "user_script.py",
            "load_dataset_config": {
                "type": "clip_dataset",
                "model_name": "openai/clip-vit-base-patch16",
                "dataset_name": "nlphuji/flickr30k",
                "start": 0,
                "length": 10
            },
            "dataloader_config": {
                "type": "no_auto_batch_dataloader"
            }
        },
        {
            "name": "metric_data_config",
            "user_script": "user_script.py",
            "load_dataset_config": {
                "type": "clip_dataset",
                "model_name": "openai/clip-vit-base-patch16",
                "dataset_name": "nlphuji/flickr30k",
                "start": 10,
                "length": 10
            },
            "dataloader_config": {
                "type": "no_auto_batch_dataloader"
            },
            "post_process_data_config": {
                "type": "clip_post_process"
            }
        }
    ],
    "evaluators": {
        "common_evaluator": {
            "metrics": [
                {
                    "name": "accuracy",
                    "type": "accuracy",
                    "backend": "huggingface_metrics",
                    "data_config": "metric_data_config",
                    "sub_types": [
                        {
                            "name": "accuracy",
                            "priority": 1,
                            "goal": {
                                "type": "max-degradation",
                                "value": 0.05
                            }
                        }
                    ]
                },
                {
                    "name": "latency",
                    "type": "latency",
                    "data_config": "metric_data_config",
                    "sub_types": [
                        {
                            "name": "avg",
                            "goal": {
                                "type": "percent-min-improvement",
                                "value": 0.1
                            }
                        },
                        {
                            "name": "max"
                        },
                        {
                            "name": "min"
                        }
                    ]
                },
                {
                    "name": "throughput",
                    "type": "throughput",
                    "data_config": "metric_data_config",
                    "sub_types": [
                        {
                            "name": "avg"
                        },
                        {
                            "name": "max"
                        },
                        {
                            "name": "min"
                        }
                    ]
                }
            ]
        }
    },
    "passes": {
        "conversion": {
            "type": "OnnxConversion",
            "target_opset": 17,
            "save_as_external_data": true
        },
        "onnx_float_to_float16": {
            "type": "OnnxFloatToFloat16",
            "save_as_external_data": true
        },
        "session_params_tuning": {
            "type": "OrtSessionParamsTuning",
            "io_bind": false,
            "data_config": "quant_data_config"
        }
    },
    "target": "local_system",
    "evaluator": "common_evaluator",
    "cache_dir": "cache",
    "output_dir": "model/clip_trtrtx",
    "evaluate_input_model": false
}
