{
    "input_model": {
        "type": "HfModel",
        "model_path": "microsoft/Phi-3.5-mini-instruct"
    },
    "systems": {
        "host_system": {
            "type": "LocalSystem",
            "accelerators": [
                {
                    "device":"cpu",
                    "execution_providers": [
                        "CPUExecutionProvider"
                    ]
                }
            ]
        },
        "target_system": {
            "type": "LocalSystem",
            "accelerators": [
                {
                    "device":"gpu",
                    "execution_providers": [
                        "DmlExecutionProvider"
                    ]
                }
            ]
        }
    },
    "passes": {
        "q": {
            "type": "AutoAWQQuantizer"
        },
        "mb": {
            "type": "ModelBuilder",
            "precision": "int4"
        }
    },
    "host": "host_system",
    "target": "target_system",
    "log_severity_level": 1,
    "output_dir": "model/phi3_5",
    "cache_dir": "cache",
    "no_artifacts": true,
    "evaluate_input_model": false
}
