{
    "input_model": {
        "type": "HfModel",
        "model_path": "microsoft/Phi-3.5-mini-instruct"
    },
    "systems": {
        "local_system": {
            "type": "LocalSystem",
            "accelerators": [ { "device": "gpu", "execution_providers": [ "NvTensorRTRTXExecutionProvider" ] } ]
        }
    },
    "data_configs": [
        {
            "name": "wikitext2_train",
            "type": "HuggingfaceContainer",
            "load_dataset_config": {
                "data_name": "wikitext",
                "subset": "wikitext-2-raw-v1",
                "split": "train"
            },
            "pre_process_data_config": {
                "strategy": "line-by-line",
                "add_special_tokens": false,
                "max_samples": 128,
                "max_seq_len": 512
            }
        }
    ],
    "passes": {
        "builder": { "type": "ModelBuilder", "precision": "fp16" }
    },
    "target": "local_system",
    "log_severity_level": 1,
    "output_dir": "model/phi3_5",
    "cache_dir": "cache",
    "no_artifacts": true,
    "evaluate_input_model": false
}
