{
    "input_model": {
        "type": "HfModel",
        "model_path": "microsoft/Phi-3.5-mini-instruct"
    },
    "systems": {
        "local_system": {
            "type": "LocalSystem",
            "accelerators": [
                {
                    "device":"npu",
                    "execution_providers": [
                        "OpenVINOExecutionProvider"
                    ]
                }
            ]
        }
    },
    "passes": {
        "optimum_convert": {
            "type": "OpenVINOOptimumConversion",
            "extra_args": {
                "device": "npu"
            },
            "ov_quant_config": {
                "weight_format": "int4",
                "group_size": 128,
                "dataset": "wikitext2",
                "ratio": 1,
                "sym": true,
                "trust_remote_code": true,
                "awq": false,
                "scale_estimation": false,
                "sensitivity_metric": "weight_quantization_error",
                "backup_precision": "int8_asym"
            }
        },
        "io_update": {
            "type": "OpenVINOIoUpdate",
            "static": false,
            "reuse_cache": true
        },
        "encapsulation": {
            "type": "OpenVINOEncapsulation",
            "target_device": "npu",
            "keep_ov_dynamic_dims": true,
            "ov_version": "2025.1",
            "reuse_cache": true
        }
    },
    "search_strategy": false,
    "target": "local_system",
    "cache_dir": "cache",
    "evaluate_input_model": false,
    "output_dir": "model/phi3_5"
}
