{
    "input_model": {
        "type": "HfModel",
        "model_path": "microsoft/resnet-50",
        "task": "image-classification",
        "io_config": {
            "input_names": [
                "pixel_values"
            ],
            "input_shapes": [
                [
                    1,
                    3,
                    224,
                    224
                ]
            ],
            "output_names": [
                "logits"
            ]
        }
    },
    "systems": {
        "host_system": {
            "type": "LocalSystem",
            "accelerators": [
                {
                    "device": "cpu",
                    "execution_providers": [
                        "CPUExecutionProvider"
                    ]
                }
            ]
        },
        "target_system": {
            "type": "LocalSystem",
            "accelerators": [
                {
                    "device": "gpu",
                    "execution_providers": [
                        "DmlExecutionProvider"
                    ]
                }
            ]
        }
    },
    "data_configs": [
        {
            "name": "evaluation_data_config",
            "type": "HuggingfaceContainer",
            "user_script": "imagenet.py",
            "load_dataset_config": {
                "data_name": "timm/mini-imagenet",
                "split": "validation",
                "streaming": true,
                "trust_remote_code": true
            },
            "pre_process_data_config": {
                "type": "dataset_pre_process",
                "size": 1000,
                "cache_key": "imagedata_evaluation"
            },
            "post_process_data_config": {
                "type": "dataset_post_process"
            }
        }
    ],
    "evaluators": {
        "common_evaluator": {
            "metrics": [
                {
                    "name": "accuracy",
                    "type": "accuracy",
                    "data_config": "evaluation_data_config",
                    "sub_types": [
                        {
                            "name": "accuracy_score",
                            "priority": 1,
                            "metric_config": {
                                "task": "multiclass",
                                "num_classes": 1001
                            }
                        }
                    ]
                },
                {
                    "name": "latency",
                    "type": "latency",
                    "data_config": "evaluation_data_config",
                    "sub_types": [
                        {
                            "name": "avg",
                            "priority": 2
                        }
                    ]
                }
            ]
        }
    },
    "passes": {
        "conversion": {
            "device": "cpu",
            "type": "OnnxConversion",
            "target_opset": 17,
            "save_as_external_data": true,
            "all_tensors_to_one_file": true,
            "dynamic": false,
            "use_dynamo_exporter": false
        },
        "onnx_float_to_float16": {
            "type": "OnnxFloatToFloat16",
            "save_as_external_data": true
        }
    },
    "host": "host_system",
    "target": "target_system",
    "evaluator": "common_evaluator",
    "cache_dir": "cache",
    "output_dir": "model/resnet_dml",
    "evaluate_input_model": false
}
