{
    "input_model": {
        "type": "HfModel",
        "model_path": "microsoft/resnet-50",
        "task": "image-classification"
    },
    "systems": {
        "local_system": {
            "type": "LocalSystem",
            "accelerators": [
                {
                    "device": "npu",
                    "execution_providers": [
                        "OpenVINOExecutionProvider"
                    ]
                }
            ]
        }
    },
    "data_configs": [
        {
            "name": "quantize_data_config",
            "type": "HuggingfaceContainer",
            "user_script": "imagenet.py",
            "load_dataset_config": {
                "data_name": "timm/mini-imagenet",
                "split": "train",
                "streaming": true,
                "trust_remote_code": true
            },
            "pre_process_data_config": {
                "type": "dataset_pre_process",
                "size": 256,
                "cache_key": "imagedata_quantization"
            },
            "post_process_data_config": {
                "type": "dataset_post_process"
            }
        },
        {
            "name": "evaluation_data_config",
            "type": "HuggingfaceContainer",
            "user_script": "imagenet.py",
            "load_dataset_config": {
                "data_name": "timm/mini-imagenet",
                "split": "validation",
                "streaming": true,
                "trust_remote_code": true
            },
            "pre_process_data_config": {
                "type": "dataset_pre_process",
                "size": 1000,
                "cache_key": "imagedata_evaluation"
            },
            "post_process_data_config": {
                "type": "dataset_post_process"
            }
        }
    ],
    "evaluators": {
        "common_evaluator": {
            "metrics": [
                {
                    "name": "accuracy",
                    "type": "accuracy",
                    "data_config": "evaluation_data_config",
                    "sub_types": [
                        {
                            "name": "accuracy_score",
                            "priority": 1,
                            "metric_config": {
                                "task": "multiclass",
                                "num_classes": 1001
                            }
                        }
                    ]
                },
                {
                    "name": "latency",
                    "type": "latency",
                    "data_config": "evaluation_data_config",
                    "sub_types": [
                        {
                            "name": "avg",
                            "priority": 2
                        }
                    ]
                }
            ]
        }
    },
    "passes": {
        "ov_convert": {
            "type": "OpenVINOConversion",
            "input_shapes": [
                [
                    1,
                    3,
                    224,
                    224
                ]
            ],
            "compress_to_fp16": true,
            "static": true
        },
        "io_update": {
            "type": "OpenVINOIoUpdate",
            "static": true,
            "input_shapes": [
                [
                    1,
                    3,
                    224,
                    224
                ]
            ],
            "reuse_cache": true
        },
        "ov_quantize": {
            "type": "OpenVINOQuantization",
            "target_device": "npu",
            "data_config": "quantize_data_config",
            "reuse_cache": true
        },
        "encapsulation": {
            "type": "OpenVINOEncapsulation",
            "target_device": "npu",
            "ov_version": "2025.1",
            "reuse_cache": true
        }
    },
    "search_strategy": false,
    "target": "local_system",
    "evaluator": "common_evaluator",
    "cache_dir": "cache",
    "evaluate_input_model": false,
    "output_dir": "model/resnet_context_ov_static"
}
