{
    "input_model": {
        "type": "HfModel",
        "model_path": "openai/clip-vit-large-patch14",
        "task": "zero-shot-image-classification",
        "load_kwargs": {
            "attn_implementation": "eager"
        },
        "io_config": {
            "input_names": [
                "input_ids",
                "pixel_values",
                "attention_mask"
            ],
            "input_shapes": [
                [
                    10,
                    77
                ],
                [
                    1,
                    3,
                    224,
                    224
                ],
                [
                    10,
                    77
                ]
            ],
            "input_types": [
                "int64",
                "float32",
                "int64"
            ],
            "output_names": [
                "logits_per_image",
                "logits_per_text",
                "text_embeds",
                "image_embeds"
            ],
            "output_shapes": [
                [
                    1,
                    10
                ],
                [
                    10,
                    1
                ],
                [
                    10,
                    512
                ],
                [
                    1,
                    512
                ]
            ]
        }
    },
    "systems": {
        "host_system": {
            "type": "LocalSystem",
            "accelerators": [
                {
                    "device": "cpu",
                    "execution_providers": [
                        "CPUExecutionProvider"
                    ]
                }
            ]
        },
        "target_system": {
            "type": "LocalSystem",
            "accelerators": [
                {
                    "device": "gpu",
                    "execution_providers": [
                        "DmlExecutionProvider"
                    ]
                }
            ]
        }
    },
    "data_configs": [
        {
            "name": "metric_data_config",
            "user_script": "user_script.py",
            "load_dataset_config": {
                "type": "clip_dataset",
                "model_name": "openai/clip-vit-large-patch14",
                "dataset_name": "nlphuji/flickr30k",
                "start": 0,
                "length": 10
            },
            "dataloader_config": {
                "type": "no_auto_batch_dataloader"
            },
            "post_process_data_config": {
                "type": "clip_post_process"
            }
        }
    ],
    "evaluators": {
        "common_evaluator": {
            "metrics": [
                {
                    "name": "accuracy",
                    "type": "accuracy",
                    "backend": "huggingface_metrics",
                    "data_config": "metric_data_config",
                    "sub_types": [
                        {
                            "name": "accuracy",
                            "priority": 1,
                            "goal": {
                                "type": "max-degradation",
                                "value": 0.05
                            }
                        }
                    ]
                },
                {
                    "name": "latency",
                    "type": "latency",
                    "data_config": "metric_data_config",
                    "sub_types": [
                        {
                            "name": "avg",
                            "goal": {
                                "type": "percent-min-improvement",
                                "value": 0.1
                            }
                        },
                        {
                            "name": "max"
                        },
                        {
                            "name": "min"
                        }
                    ]
                },
                {
                    "name": "throughput",
                    "type": "throughput",
                    "data_config": "metric_data_config",
                    "sub_types": [
                        {
                            "name": "avg"
                        },
                        {
                            "name": "max"
                        },
                        {
                            "name": "min"
                        }
                    ]
                }
            ]
        }
    },
    "passes": {
        "conversion": {
            "type": "OnnxConversion",
            "target_opset": 17,
            "save_as_external_data": true
        },
        "transformer_optimizer": {
            "type": "orttransformersoptimization",
            "model_type": "clip",
            "opt_level": 0,
            "float16": true,
            "use_gpu": true,
            "keep_io_types": false,
            "optimization_options": {
                "enable_gelu": true,
                "enable_layer_norm": true,
                "enable_attention": true,
                "use_multi_head_attention": true,
                "enable_skip_layer_norm": false,
                "enable_embed_layer_norm": false,
                "enable_bias_skip_layer_norm": false,
                "enable_bias_gelu": false,
                "enable_gelu_approximation": false,
                "enable_qordered_matmul": false,
                "enable_shape_inference": true,
                "enable_gemm_fast_gelu": false,
                "enable_nhwc_conv": false,
                "enable_group_norm": false,
                "enable_bias_splitgelu": false,
                "enable_packed_qkv": true,
                "enable_packed_kv": true,
                "enable_bias_add": false,
                "enable_rotary_embeddings": true
            },
            "save_as_external_data": true
        }
    },
    "search_strategy": false,
    "host": "host_system",
    "target": "target_system",
    "cache_dir": "cache",
    "evaluator": "common_evaluator",
    "evaluate_input_model": false,
    "output_dir": "model/clip_dml"
}
